{"cameraMode":{"drawMode":0,"name":"Shaded","section":"Shading Mode"},"sceneLighting":true,"audioPlay":false,"sceneViewState":{"showFog":true,"showMaterialUpdate":false,"showSkybox":true,"showFlares":true,"showImageEffects":true,"showParticleSystems":true},"in2DMode":false,"pivot":{"x":161.80799865722657,"y":2.4660000801086427,"z":36.66999816894531},"rotation":{"x":0.052969712764024737,"y":-0.2605520188808441,"z":0.01431791391223669,"w":0.96390300989151},"size":2.1073949337005617,"orthographic":false}