{"cameraMode":{"drawMode":0,"name":"Shaded","section":"Shading Mode"},"sceneLighting":false,"audioPlay":false,"sceneViewState":{"showFog":true,"showMaterialUpdate":false,"showSkybox":false,"showFlares":true,"showImageEffects":true,"showParticleSystems":true},"in2DMode":false,"pivot":{"x":161.7899932861328,"y":2.2699999809265138,"z":40.7599983215332},"rotation":{"x":0.13340991735458375,"y":-0.4455059766769409,"z":0.06733168661594391,"w":0.8827193975448608},"size":0.049747563898563388,"orthographic":true}