{"cameraMode":{"drawMode":0,"name":"Shaded","section":"Shading Mode"},"sceneLighting":true,"audioPlay":false,"sceneViewState":{"showFog":true,"showMaterialUpdate":false,"showSkybox":true,"showFlares":true,"showImageEffects":true,"showParticleSystems":true},"in2DMode":false,"pivot":{"x":158.1999969482422,"y":1.5199999809265137,"z":132.87001037597657},"rotation":{"x":0.12334898859262467,"y":-0.7856600880622864,"z":0.16622595489025117,"w":0.5830045342445374},"size":13.229887962341309,"orthographic":true}