{"cameraMode":{"drawMode":0,"name":"Shaded","section":"Shading Mode"},"sceneLighting":false,"audioPlay":false,"sceneViewState":{"showFog":true,"showMaterialUpdate":false,"showSkybox":false,"showFlares":true,"showImageEffects":true,"showParticleSystems":true},"in2DMode":false,"pivot":{"x":161.7899932861328,"y":2.2699999809265138,"z":40.7599983215332},"rotation":{"x":0.27981528639793398,"y":-0.3197037875652313,"z":0.09942212700843811,"w":0.8997849822044373},"size":0.049747563898563388,"orthographic":false}