{"cameraMode":{"drawMode":0,"name":"Shaded","section":"Shading Mode"},"sceneLighting":true,"audioPlay":false,"sceneViewState":{"showFog":true,"showMaterialUpdate":false,"showSkybox":false,"showFlares":true,"showImageEffects":true,"showParticleSystems":true},"in2DMode":false,"pivot":{"x":161.54847717285157,"y":2.8000001907348635,"z":42.74502944946289},"rotation":{"x":0.0053481124341487888,"y":-0.984433114528656,"z":0.17304109036922456,"w":0.03042611852288246},"size":12.12435531616211,"orthographic":false}