{"cameraMode":{"drawMode":0,"name":"Shaded","section":"Shading Mode"},"sceneLighting":true,"audioPlay":false,"sceneViewState":{"showFog":true,"showMaterialUpdate":false,"showSkybox":true,"showFlares":true,"showImageEffects":true,"showParticleSystems":true},"in2DMode":false,"pivot":{"x":158.427734375,"y":2.434814453125,"z":151.2451171875},"rotation":{"x":0.10648765414953232,"y":-0.33602461218833926,"z":0.038268763571977618,"w":0.9350314736366272},"size":5.058493614196777,"orthographic":true}