{"cameraMode":{"drawMode":0,"name":"Shaded","section":"Shading Mode"},"sceneLighting":false,"audioPlay":false,"sceneViewState":{"showFog":true,"showMaterialUpdate":false,"showSkybox":false,"showFlares":true,"showImageEffects":true,"showParticleSystems":true},"in2DMode":false,"pivot":{"x":161.7899932861328,"y":2.2699999809265138,"z":40.7599983215332},"rotation":{"x":0.2730000615119934,"y":-0.08011449873447418,"z":0.022820698097348214,"w":0.9584011435508728},"size":0.049747563898563388,"orthographic":false}